Workbook

Sheet Sheet1
A1: product ID | B1: product | C1: sales | D1: Target | E1: region | H1: if statement
A3: 101 | B3: productA | C3: 120 | D3: 150 | E3: North | J3: High | K3: >200 | L3: 6 | M3: sales | N3: price tire
A4: 102 | B4: productB | C4: 150 | D4: 140 | E4: South | G4: 3 | H4: sales | I4: commisin rate | J4: medium | K4: >100 | M4: 120 | N4: =IF(M4>=200,"High",IF(M4>=100,"medium","low")) -> medium
A5: 103 | B5: productC | C5: 200 | D5: 200 | E5: East | H5: 120 | I5: =IF(C3>=200,10%,IF(C3>=150,7%,5%)) -> 0.05 | J5: low | K5: <100 | M5: 150 | N5: =IF(M5>=200,"High",IF(M5>=100,"medium","low")) -> medium
A6: 104 | B6: productD | C6: 90 | D6: 100 | E6: West | H6: 150 | I6: =IF(C4>=200,10%,IF(C4>=150,7%,5%)) -> 0.07 | M6: 200 | N6: =IF(M6>=200,"High",IF(M6>=100,"medium","low")) -> High
A7: 105 | B7: productE | C7: 220 | D7: 210 | E7: North | H7: 200 | I7: =IF(C5>=200,10%,IF(C5>=150,7%,5%)) -> 0.1 | M7: 90 | N7: =IF(M7>=200,"High",IF(M7>=100,"medium","low")) -> low
A8: 106 | B8: productF | C8: 130 | D8: 160 | E8: South | H8: 90 | I8: =IF(C6>=200,10%,IF(C6>=150,7%,5%)) -> 0.05 | M8: 220 | N8: =IF(M8>=200,"High",IF(M8>=100,"medium","low")) -> High
H9: 220 | I9: =IF(C7>=200,10%,IF(C7>=150,7%,5%)) -> 0.1 | M9: 130 | N9: =IF(M9>=200,"High",IF(M9>=100,"medium","low")) -> medium
A10: 1 | B10: product | C10: sales target | H10: 130 | I10: =IF(C8>=200,10%,IF(C8>=150,7%,5%)) -> 0.05
B11: productA | C11: =IF(C3>=D3,TRUE,FALSE) -> FALSE | L11: 7 | M11: sales | N11: year end bonus
B12: productB | C12: =IF(C4>=D4,TRUE,FALSE) -> TRUE | G12: 4 | H12: sales | I12: target | J12: bonus amount | M12: 120 | N12: =IF(AND(M12>=150,E3="North"),500,300) -> 300
B13: productC | C13: =IF(C5>=D5,TRUE,FALSE) -> TRUE | H13: 120 | I13: 150 | J13: =IF(C3>=D3,C3*10%,C3*5%) -> 6 | M13: 150 | N13: =IF(AND(M13>=150,E4="North"),500,300) -> 300
B14: productD | C14: =IF(C6>=D6,TRUE,FALSE) -> FALSE | H14: 150 | I14: 140 | J14: =IF(C4>=D4,C4*10%,C4*5%) -> 15 | M14: 200 | N14: =IF(AND(M14>=150,E5="North"),500,300) -> 300
B15: productE | C15: =IF(C7>=D7,TRUE,FALSE) -> TRUE | H15: 200 | I15: 200 | J15: =IF(C5>=D5,C5*10%,C5*5%) -> 20 | M15: 90 | N15: =IF(AND(M15>=150,E6="North"),500,300) -> 300
B16: productF | C16: =IF(C8>=D8,TRUE,FALSE) -> FALSE | H16: 90 | I16: 100 | J16: =IF(C6>=D6,C6*10%,C6*5%) -> 4.5 | M16: 220 | N16: =IF(AND(M16>=150,E7="North"),500,300) -> 500
H17: 220 | I17: 210 | J17: =IF(C7>=D7,C7*10%,C7*5%) -> 22 | M17: 130 | N17: =IF(AND(M17>=150,E8="North"),500,300) -> 300
A18: 2 | B18: region | C18: sales | D18: Eligible for bonus | H18: 130 | I18: 160 | J18: =IF(C8>=D8,C8*10%,C8*5%) -> 6.5
E19: Excellent | F19: >=200 | L19: 8 | M19: sales | N19: high performer
B20: North | C20: 120 | D20: =IF(AND(E3="North",C3>200), "yes","No") -> No | E20: good | F20: >=150 | G20: 5 | H20: sales | I20: performance | M20: 120 | N20: =IF(M20>=_xlfn.PERCENTILE.INC($C$3:$C$8,0.75),"high performer","low performer") -> low performer
B21: South | C21: 150 | D21: =IF(AND(E4="North",C4>200), "yes","No") -> No | E21: needs improved | F21: >=100 | H21: 120 | I21: =IF(H21>=200,"Excellent",IF(H21>=150,"good",IF(H21>=100,"needs improved","invalid"))) -> needs improved | M21: 150 | N21: =IF(M21>=_xlfn.PERCENTILE.INC($C$3:$C$8,0.75),"high performer","low performer") -> low performer
B22: East | C22: 200 | D22: =IF(AND(E5="North",C5>200), "yes","No") -> No | E22: invalid | F22: <100 | H22: 150 | I22: =IF(H22>=200,"Excellent",IF(H22>=150,"good",IF(H22>=100,"needs improved","invalid"))) -> good | M22: 200 | N22: =IF(M22>=_xlfn.PERCENTILE.INC($C$3:$C$8,0.75),"high performer","low performer") -> high performer
B23: West | C23: 90 | D23: =IF(AND(E6="North",C6>200), "yes","No") -> No | H23: 200 | I23: =IF(H23>=200,"Excellent",IF(H23>=150,"good",IF(H23>=100,"needs improved","invalid"))) -> Excellent | M23: 90 | N23: =IF(M23>=_xlfn.PERCENTILE.INC($C$3:$C$8,0.75),"high performer","low performer") -> low performer
B24: North | C24: 220 | D24: =IF(AND(E7="North",C7>200), "yes","No") -> yes | H24: 90 | I24: =IF(H24>=200,"Excellent",IF(H24>=150,"good",IF(H24>=100,"needs improved","invalid"))) -> invalid | M24: 220 | N24: =IF(M24>=_xlfn.PERCENTILE.INC($C$3:$C$8,0.75),"high performer","low performer") -> high performer
B25: South | C25: 130 | D25: =IF(AND(E8="North",C8>200), "yes","No") -> No | H25: 220 | I25: =IF(H25>=200,"Excellent",IF(H25>=150,"good",IF(H25>=100,"needs improved","invalid"))) -> Excellent | M25: 130 | N25: =IF(M25>=_xlfn.PERCENTILE.INC($C$3:$C$8,0.75),"high performer","low performer") -> low performer
H26: 130 | I26: =IF(H26>=200,"Excellent",IF(H26>=150,"good",IF(H26>=100,"needs improved","invalid"))) -> needs improved

Sheet Sheet2
A1: Product | B1: Region | C1: Date | D1: Sales
A2: productA | B2: North | C2: 45292 | D2: 120 | F2: 1 | G2: Sales | I2: 2 | J2: Date
A3: productB | B3: South | C3: 45293 | D3: 150 | G3: 120 | J3: 45292
A4: productA | B4: East | C4: 45294 | D4: 200 | G4: 150 | J4: 45324 | N4: Product | O4: Region | P4: Date | Q4: Sales
A5: productC | B5: West | C5: 45295 | D5: 90 | G5: 200 | J5: 45294 | N5: productA | O5: North | P5: 45292 | Q5: 120
A6: productB | B6: North | C6: 45296 | D6: 220 | G6: 90 | J6: 45295 | N6: productB | O6: South | P6: 45293 | Q6: 150
A7: productA | B7: South | C7: 45297 | D7: 130 | G7: 220 | J7: 45296 | N7: productA | O7: East | P7: 45294 | Q7: 200
A8: productC | B8: North | C8: 45298 | D8: 300 | G8: 130 | J8: 45297 | N8: productC | O8: West | P8: 45295 | Q8: 90
A9: productB | B9: East | C9: 45299 | D9: 80 | G9: 300 | J9: 45298 | N9: productB | O9: North | P9: 45296 | Q9: 220
G10: 80 | J10: 45299 | N10: productA | O10: South | P10: 45297 | Q10: 130
N11: productC | O11: North | P11: 45298 | Q11: 300
N12: productB | O12: East | P12: 45299 | Q12: 80

Sheet Sheet3
A1: productID | B1: product | C1: price | K1: 1
A2: 101 | B2: productA | C2: 120
A3: 102 | B3: productB | C3: 150
A4: 103 | B4: productC | C4: 200
A5: 104 | B5: productD | C5: 90
A6: 105 | B6: productE | C6: 220
A7: 106 | B7: productF | C7: 130

Sheet Sheet4
A1: orderID | B1: productID | C1: quantity | D1: price | E1: total price
A2: 1 | B2: 101 | C2: 2 | D2: =VLOOKUP(B2,Sheet3!$A$2:$C$7,3,0) -> 120 | E2: =C2*D2 -> 240 | G2: 1 | H2: product ID | I2: product name | K2: product ID | L2: Status
A3: 2 | B3: 103 | C3: 1 | D3: =VLOOKUP(B3,Sheet3!$A$2:$C$7,3,0) -> 200 | E3: =C3*D3 -> 200 | H3: 101 | I3: =VLOOKUP(H3,Sheet3!$A$2:$C$7,2,0) -> productA | K3: 101 | L3: =IF(ISNA(VLOOKUP(K3,Sheet3!$A$2:$C$7,1,0)),"not found","ok") -> ok
A4: 3 | B4: 105 | C4: 4 | D4: =VLOOKUP(B4,Sheet3!$A$2:$C$7,3,0) -> 220 | E4: =C4*D4 -> 880 | H4: 103 | I4: =VLOOKUP(H4,Sheet3!$A$2:$C$7,2,0) -> productC | K4: 103 | L4: =IF(ISNA(VLOOKUP(K4,Sheet3!$A$2:$C$7,1,0)),"not found","ok") -> ok
A5: 4 | B5: 106 | C5: 3 | D5: =VLOOKUP(B5,Sheet3!$A$2:$C$7,3,0) -> 130 | E5: =C5*D5 -> 390 | H5: 105 | I5: =VLOOKUP(H5,Sheet3!$A$2:$C$7,2,0) -> productE | K5: 105 | L5: =IF(ISNA(VLOOKUP(K5,Sheet3!$A$2:$C$7,1,0)),"not found","ok") -> ok
A6: 5 | B6: 102 | C6: 5 | D6: =VLOOKUP(B6,Sheet3!$A$2:$C$7,3,0) -> 150 | E6: =C6*D6 -> 750 | H6: 106 | I6: =VLOOKUP(H6,Sheet3!$A$2:$C$7,2,0) -> productF | K6: 106 | L6: =IF(ISNA(VLOOKUP(K6,Sheet3!$A$2:$C$7,1,0)),"not found","ok") -> ok
A7: 6 | B7: 104 | C7: 6 | D7: =VLOOKUP(B7,Sheet3!$A$2:$C$7,3,0) -> 90 | E7: =C7*D7 -> 540 | H7: 102 | I7: =VLOOKUP(H7,Sheet3!$A$2:$C$7,2,0) -> productB | K7: 102 | L7: =IF(ISNA(VLOOKUP(K7,Sheet3!$A$2:$C$7,1,0)),"not found","ok") -> ok
H8: 104 | I8: =VLOOKUP(H8,Sheet3!$A$2:$C$7,2,0) -> productD | K8: 104 | L8: =IF(ISNA(VLOOKUP(K8,Sheet3!$A$2:$C$7,1,0)),"not found","ok") -> ok
B10: =IF(ISNA(VLOOKUP(Sheet4!B2,Sheet4!$A$2:$C$7,1,0)),"NOT FOUND","OK") -> NOT FOUND
B11: =IF(ISNA(VLOOKUP(Sheet4!B3,Sheet4!$A$2:$C$7,1,0)),"NOT FOUND","OK") -> NOT FOUND | D11: product ID | E11: sales | H11: product name | J11: =VLOOKUP(Sheet3!A2,Sheet4!$B$2:$B$7,1,0) -> 101 | L11: =VLOOKUP(Sheet3!A2,Sheet3!A2:C7,2,0) -> productA
B12: =IF(ISNA(VLOOKUP(Sheet4!B4,Sheet4!$A$2:$C$7,1,0)),"NOT FOUND","OK") -> NOT FOUND | D12: 101 | E12: =VLOOKUP(Sheet4!D12,Sheet3!$A$2:$C$7,3,0) -> 120 | H12: =MAX($D$2:$D$7) -> 220 | J12: =VLOOKUP(Sheet3!A3,Sheet4!$B$2:$B$7,1,0) -> 102 | L12: =VLOOKUP(Sheet3!A3,Sheet3!A3:C8,2,0) -> productB
B13: =IF(ISNA(VLOOKUP(Sheet4!B5,Sheet4!$A$2:$C$7,1,0)),"NOT FOUND","OK") -> NOT FOUND | D13: 103 | E13: =VLOOKUP(Sheet4!D13,Sheet3!$A$2:$C$7,3,0) -> 200 | J13: =VLOOKUP(Sheet3!A4,Sheet4!$B$2:$B$7,1,0) -> 103 | L13: =VLOOKUP(Sheet3!A4,Sheet3!A4:C9,2,0) -> productC
B14: =IF(ISNA(VLOOKUP(Sheet4!B6,Sheet4!$A$2:$C$7,1,0)),"NOT FOUND","OK") -> NOT FOUND | D14: 105 | E14: =VLOOKUP(Sheet4!D14,Sheet3!$A$2:$C$7,3,0) -> 220 | J14: =VLOOKUP(Sheet3!A5,Sheet4!$B$2:$B$7,1,0) -> 104 | L14: =VLOOKUP(Sheet3!A5,Sheet3!A5:C10,2,0) -> productD
B15: =IF(ISNA(VLOOKUP(Sheet4!B7,Sheet4!$A$2:$C$7,1,0)),"NOT FOUND","OK") -> NOT FOUND | D15: 106 | E15: =VLOOKUP(Sheet4!D15,Sheet3!$A$2:$C$7,3,0) -> 130 | J15: =VLOOKUP(Sheet3!A6,Sheet4!$B$2:$B$7,1,0) -> 105 | L15: =VLOOKUP(Sheet3!A6,Sheet3!A6:C11,2,0) -> productE
B16: =IF(ISNA(VLOOKUP(Sheet4!B8,Sheet4!$A$2:$C$7,1,0)),"NOT FOUND","OK") -> NOT FOUND | D16: 102 | E16: =VLOOKUP(Sheet4!D16,Sheet3!$A$2:$C$7,3,0) -> 150 | J16: =VLOOKUP(Sheet3!A7,Sheet4!$B$2:$B$7,1,0) -> 106 | L16: =VLOOKUP(Sheet3!A7,Sheet3!A7:C12,2,0) -> productF
D17: 104 | E17: =VLOOKUP(Sheet4!D17,Sheet3!$A$2:$C$7,3,0) -> 90 | J17: =VLOOKUP(Sheet3!A8,Sheet4!$B$2:$B$7,1,0) -> #N/A | L17: =VLOOKUP(Sheet3!A8,Sheet3!A8:C13,2,0) -> #N/A

Sheet Sheet5
I2: HLOOKUP
H8: product | I8: jan | J8: feb | K8: mar | L8: apr | M8: may
H9: productA | I9: 120 | J9: 130 | K9: 140 | L9: 150 | M9: 160
H10: productB | I10: 150 | J10: 160 | K10: 170 | L10: 180 | M10: 190
H11: productC | I11: 200 | J11: 210 | K11: 220 | L11: 230 | M11: 240
H12: productD | I12: 90 | J12: 100 | K12: 110 | L12: 120 | M12: 130
H13: productE | I13: 220 | J13: 230 | K13: 240 | L13: 250 | M13: 260
H14: productF | I14: 130 | J14: 140 | K14: 150 | L14: 160 | M14: 170
I16: Product | J16: apr
H17: 1 | I17: productA | J17: =HLOOKUP(J16,$A$1:$F$7,2,0) -> #N/A
H19: 2 | I19: product | J19: may
I20: productD | J20: =HLOOKUP(J19,$A$1:$F$7,5,0) -> #N/A
H22: 3 | I22: product | J22: feb
I23: productC | J23: =HLOOKUP(J22,$A$1:$F$7,4,0) -> #N/A
H25: 4 | I25: product | J25: total sales
I26: productA | J26: =HLOOKUP("jan",$A$1:$F$7,2,0)+HLOOKUP("feb",$A$1:$F$7,2,0)+HLOOKUP("mar",$A$1:$F$7,2,0)+HLOOKUP("apr",$A$1:$F$7,2,0)+HLOOKUP("may",$A$1:$F$7,2,0) -> #N/A
H28: 5 | I28: product | J28: max
I29: productB | J29: =MAX(HLOOKUP("jan",$A$1:$F$7,3,0),HLOOKUP("feb",$A$1:$F$7,3,0),HLOOKUP("mar",$A$1:$F$7,3,0),HLOOKUP("apr",$A$1:$F$7,3,0),HLOOKUP("may",$A$1:$F$7,3,0)) -> #N/A
H31: 6 | I31: product | J31: min
I32: productF | J32: =MIN(HLOOKUP("jan",$A$1:$F$7,7,0),HLOOKUP("feb",$A$1:$F$7,7,0),HLOOKUP("mar",$A$1:$F$7,7,0),HLOOKUP("apr",$A$1:$F$7,7,0),HLOOKUP("may",$A$1:$F$7,7,0)) -> #N/A
H34: 7 | I34: product | J34: avg
I35: productE | J35: =AVERAGE(HLOOKUP("jan",$A$1:$F$7,6,0),HLOOKUP("feb",$A$1:$F$7,6,0),HLOOKUP("mar",$A$1:$F$7,2,0),HLOOKUP("apr",$A$1:$F$7,6,0),HLOOKUP("may",$A$1:$F$7,6,0)) -> #N/A
